PRAGMA foreign_keys=OFF;
BEGIN TRANSACTION;
CREATE TABLE IF NOT EXISTS "django_migrations" ("id" integer NOT NULL PRIMARY KEY AUTOINCREMENT, "app" varchar(255) NOT NULL, "name" varchar(255) NOT NULL, "applied" datetime NOT NULL);
INSERT INTO django_migrations VALUES(1,'contenttypes','0001_initial','2022-01-19 15:55:02.977719');
INSERT INTO django_migrations VALUES(2,'auth','0001_initial','2022-01-19 15:55:03.014623');
INSERT INTO django_migrations VALUES(3,'admin','0001_initial','2022-01-19 15:55:03.041548');
INSERT INTO django_migrations VALUES(4,'admin','0002_logentry_remove_auto_add','2022-01-19 15:55:03.063490');
INSERT INTO django_migrations VALUES(5,'admin','0003_logentry_add_action_flag_choices','2022-01-19 15:55:03.085433');
INSERT INTO django_migrations VALUES(6,'contenttypes','0002_remove_content_type_name','2022-01-19 15:55:03.117345');
INSERT INTO django_migrations VALUES(7,'auth','0002_alter_permission_name_max_length','2022-01-19 15:55:03.141282');
INSERT INTO django_migrations VALUES(8,'auth','0003_alter_user_email_max_length','2022-01-19 15:55:03.165220');
INSERT INTO django_migrations VALUES(9,'auth','0004_alter_user_username_opts','2022-01-19 15:55:03.185164');
INSERT INTO django_migrations VALUES(10,'auth','0005_alter_user_last_login_null','2022-01-19 15:55:03.206110');
INSERT INTO django_migrations VALUES(11,'auth','0006_require_contenttypes_0002','2022-01-19 15:55:03.216083');
INSERT INTO django_migrations VALUES(12,'auth','0007_alter_validators_add_error_messages','2022-01-19 15:55:03.234037');
INSERT INTO django_migrations VALUES(13,'auth','0008_alter_user_username_max_length','2022-01-19 15:55:03.255978');
INSERT INTO django_migrations VALUES(14,'auth','0009_alter_user_last_name_max_length','2022-01-19 15:55:03.278914');
INSERT INTO django_migrations VALUES(15,'auth','0010_alter_group_name_max_length','2022-01-19 15:55:03.301853');
INSERT INTO django_migrations VALUES(16,'auth','0011_update_proxy_permissions','2022-01-19 15:55:03.320803');
INSERT INTO django_migrations VALUES(17,'auth','0012_alter_user_first_name_max_length','2022-01-19 15:55:03.341746');
INSERT INTO django_migrations VALUES(18,'sessions','0001_initial','2022-01-19 15:55:03.362689');
INSERT INTO django_migrations VALUES(19,'app01','0001_initial','2022-01-19 15:59:02.095551');
INSERT INTO django_migrations VALUES(20,'web','0001_initial','2022-01-19 15:59:02.120484');
INSERT INTO django_migrations VALUES(21,'app01','0002_alter_userinfo_username','2022-01-26 03:03:07.529330');
INSERT INTO django_migrations VALUES(22,'web','0002_pricepolicy_project_projectuser_transaction','2022-01-29 13:04:13.914664');
INSERT INTO django_migrations VALUES(23,'web','0003_auto_20220202_1115','2022-02-02 03:15:14.539562');
INSERT INTO django_migrations VALUES(24,'web','0004_filerepository','2022-02-03 12:24:06.559120');
INSERT INTO django_migrations VALUES(25,'web','0005_auto_20220209_2150','2022-02-09 13:51:02.655606');
INSERT INTO django_migrations VALUES(26,'web','0006_auto_20220215_1135','2022-02-15 03:36:01.554462');
INSERT INTO django_migrations VALUES(27,'web','0007_auto_20220215_2021','2022-02-15 12:21:57.474180');
INSERT INTO django_migrations VALUES(28,'web','0008_auto_20220217_1208','2022-02-17 04:08:51.625233');
INSERT INTO django_migrations VALUES(29,'web','0009_projectinvite','2022-02-18 02:48:33.601391');
INSERT INTO django_migrations VALUES(30,'web','0010_auto_20220220_2042','2022-02-20 20:42:39.984486');
INSERT INTO django_migrations VALUES(31,'web','0011_projectuser_star','2022-02-20 20:44:49.324310');
INSERT INTO django_migrations VALUES(32,'web','0012_userinfo_category','2022-02-20 20:47:14.799449');
INSERT INTO django_migrations VALUES(33,'web','0013_auto_20220220_2126','2022-02-20 21:26:26.888042');
INSERT INTO django_migrations VALUES(34,'web','0014_auto_20220220_2127','2022-02-20 21:27:09.287267');
INSERT INTO django_migrations VALUES(35,'web','0015_auto_20220220_2136','2022-02-20 21:36:46.265662');
INSERT INTO django_migrations VALUES(36,'web','0016_userinfo_price_policy','2022-02-20 22:36:09.631807');
INSERT INTO django_migrations VALUES(37,'web','0017_auto_20220227_1739','2022-02-27 17:39:57.313819');
INSERT INTO django_migrations VALUES(38,'web','0018_project_user_count','2022-04-10 15:03:50.898947');
INSERT INTO django_migrations VALUES(39,'web','0019_auto_20220426_1725','2022-04-26 17:25:24.322289');
INSERT INTO django_migrations VALUES(40,'web','0020_project_location','2022-04-27 20:18:41.596201');
INSERT INTO django_migrations VALUES(41,'web','0021_auto_20220428_2144','2022-04-28 21:44:47.645049');
INSERT INTO django_migrations VALUES(42,'web','0022_projectuser_task_price','2022-04-29 20:15:35.498173');
INSERT INTO django_migrations VALUES(43,'web','0023_remove_project_task_price','2022-04-29 20:24:44.344796');
CREATE TABLE IF NOT EXISTS "auth_group_permissions" ("id" integer NOT NULL PRIMARY KEY AUTOINCREMENT, "group_id" integer NOT NULL REFERENCES "auth_group" ("id") DEFERRABLE INITIALLY DEFERRED, "permission_id" integer NOT NULL REFERENCES "auth_permission" ("id") DEFERRABLE INITIALLY DEFERRED);
CREATE TABLE IF NOT EXISTS "auth_user_groups" ("id" integer NOT NULL PRIMARY KEY AUTOINCREMENT, "user_id" integer NOT NULL REFERENCES "auth_user" ("id") DEFERRABLE INITIALLY DEFERRED, "group_id" integer NOT NULL REFERENCES "auth_group" ("id") DEFERRABLE INITIALLY DEFERRED);
CREATE TABLE IF NOT EXISTS "auth_user_user_permissions" ("id" integer NOT NULL PRIMARY KEY AUTOINCREMENT, "user_id" integer NOT NULL REFERENCES "auth_user" ("id") DEFERRABLE INITIALLY DEFERRED, "permission_id" integer NOT NULL REFERENCES "auth_permission" ("id") DEFERRABLE INITIALLY DEFERRED);
CREATE TABLE IF NOT EXISTS "django_admin_log" ("id" integer NOT NULL PRIMARY KEY AUTOINCREMENT, "action_time" datetime NOT NULL, "object_id" text NULL, "object_repr" varchar(200) NOT NULL, "change_message" text NOT NULL, "content_type_id" integer NULL REFERENCES "django_content_type" ("id") DEFERRABLE INITIALLY DEFERRED, "user_id" integer NOT NULL REFERENCES "auth_user" ("id") DEFERRABLE INITIALLY DEFERRED, "action_flag" smallint unsigned NOT NULL CHECK ("action_flag" >= 0));
CREATE TABLE IF NOT EXISTS "django_content_type" ("id" integer NOT NULL PRIMARY KEY AUTOINCREMENT, "app_label" varchar(100) NOT NULL, "model" varchar(100) NOT NULL);
INSERT INTO django_content_type VALUES(1,'admin','logentry');
INSERT INTO django_content_type VALUES(2,'auth','permission');
INSERT INTO django_content_type VALUES(3,'auth','group');
INSERT INTO django_content_type VALUES(4,'auth','user');
INSERT INTO django_content_type VALUES(5,'contenttypes','contenttype');
INSERT INTO django_content_type VALUES(6,'sessions','session');
INSERT INTO django_content_type VALUES(7,'app01','userinfo');
INSERT INTO django_content_type VALUES(8,'web','userinfo');
INSERT INTO django_content_type VALUES(9,'web','pricepolicy');
INSERT INTO django_content_type VALUES(10,'web','project');
INSERT INTO django_content_type VALUES(11,'web','projectuser');
INSERT INTO django_content_type VALUES(12,'web','transaction');
INSERT INTO django_content_type VALUES(13,'web','filerepository');
INSERT INTO django_content_type VALUES(14,'web','issues');
INSERT INTO django_content_type VALUES(15,'web','module');
INSERT INTO django_content_type VALUES(16,'web','issuesreply');
INSERT INTO django_content_type VALUES(17,'web','issuestype');
INSERT INTO django_content_type VALUES(18,'web','projectinvite');
CREATE TABLE IF NOT EXISTS "auth_permission" ("id" integer NOT NULL PRIMARY KEY AUTOINCREMENT, "content_type_id" integer NOT NULL REFERENCES "django_content_type" ("id") DEFERRABLE INITIALLY DEFERRED, "codename" varchar(100) NOT NULL, "name" varchar(255) NOT NULL);
INSERT INTO auth_permission VALUES(1,1,'add_logentry','Can add log entry');
INSERT INTO auth_permission VALUES(2,1,'change_logentry','Can change log entry');
INSERT INTO auth_permission VALUES(3,1,'delete_logentry','Can delete log entry');
INSERT INTO auth_permission VALUES(4,1,'view_logentry','Can view log entry');
INSERT INTO auth_permission VALUES(5,2,'add_permission','Can add permission');
INSERT INTO auth_permission VALUES(6,2,'change_permission','Can change permission');
INSERT INTO auth_permission VALUES(7,2,'delete_permission','Can delete permission');
INSERT INTO auth_permission VALUES(8,2,'view_permission','Can view permission');
INSERT INTO auth_permission VALUES(9,3,'add_group','Can add group');
INSERT INTO auth_permission VALUES(10,3,'change_group','Can change group');
INSERT INTO auth_permission VALUES(11,3,'delete_group','Can delete group');
INSERT INTO auth_permission VALUES(12,3,'view_group','Can view group');
INSERT INTO auth_permission VALUES(13,4,'add_user','Can add user');
INSERT INTO auth_permission VALUES(14,4,'change_user','Can change user');
INSERT INTO auth_permission VALUES(15,4,'delete_user','Can delete user');
INSERT INTO auth_permission VALUES(16,4,'view_user','Can view user');
INSERT INTO auth_permission VALUES(17,5,'add_contenttype','Can add content type');
INSERT INTO auth_permission VALUES(18,5,'change_contenttype','Can change content type');
INSERT INTO auth_permission VALUES(19,5,'delete_contenttype','Can delete content type');
INSERT INTO auth_permission VALUES(20,5,'view_contenttype','Can view content type');
INSERT INTO auth_permission VALUES(21,6,'add_session','Can add session');
INSERT INTO auth_permission VALUES(22,6,'change_session','Can change session');
INSERT INTO auth_permission VALUES(23,6,'delete_session','Can delete session');
INSERT INTO auth_permission VALUES(24,6,'view_session','Can view session');
INSERT INTO auth_permission VALUES(25,7,'add_userinfo','Can add user info');
INSERT INTO auth_permission VALUES(26,7,'change_userinfo','Can change user info');
INSERT INTO auth_permission VALUES(27,7,'delete_userinfo','Can delete user info');
INSERT INTO auth_permission VALUES(28,7,'view_userinfo','Can view user info');
INSERT INTO auth_permission VALUES(29,8,'add_userinfo','Can add user info');
INSERT INTO auth_permission VALUES(30,8,'change_userinfo','Can change user info');
INSERT INTO auth_permission VALUES(31,8,'delete_userinfo','Can delete user info');
INSERT INTO auth_permission VALUES(32,8,'view_userinfo','Can view user info');
INSERT INTO auth_permission VALUES(33,9,'add_pricepolicy','Can add price policy');
INSERT INTO auth_permission VALUES(34,9,'change_pricepolicy','Can change price policy');
INSERT INTO auth_permission VALUES(35,9,'delete_pricepolicy','Can delete price policy');
INSERT INTO auth_permission VALUES(36,9,'view_pricepolicy','Can view price policy');
INSERT INTO auth_permission VALUES(37,10,'add_project','Can add project');
INSERT INTO auth_permission VALUES(38,10,'change_project','Can change project');
INSERT INTO auth_permission VALUES(39,10,'delete_project','Can delete project');
INSERT INTO auth_permission VALUES(40,10,'view_project','Can view project');
INSERT INTO auth_permission VALUES(41,11,'add_projectuser','Can add project user');
INSERT INTO auth_permission VALUES(42,11,'change_projectuser','Can change project user');
INSERT INTO auth_permission VALUES(43,11,'delete_projectuser','Can delete project user');
INSERT INTO auth_permission VALUES(44,11,'view_projectuser','Can view project user');
INSERT INTO auth_permission VALUES(45,12,'add_transaction','Can add transaction');
INSERT INTO auth_permission VALUES(46,12,'change_transaction','Can change transaction');
INSERT INTO auth_permission VALUES(47,12,'delete_transaction','Can delete transaction');
INSERT INTO auth_permission VALUES(48,12,'view_transaction','Can view transaction');
INSERT INTO auth_permission VALUES(49,13,'add_filerepository','Can add file repository');
INSERT INTO auth_permission VALUES(50,13,'change_filerepository','Can change file repository');
INSERT INTO auth_permission VALUES(51,13,'delete_filerepository','Can delete file repository');
INSERT INTO auth_permission VALUES(52,14,'add_issues','Can add issues');
INSERT INTO auth_permission VALUES(53,14,'change_issues','Can change issues');
INSERT INTO auth_permission VALUES(54,14,'delete_issues','Can delete issues');
INSERT INTO auth_permission VALUES(55,15,'add_module','Can add module');
INSERT INTO auth_permission VALUES(56,15,'change_module','Can change module');
INSERT INTO auth_permission VALUES(57,15,'delete_module','Can delete module');
INSERT INTO auth_permission VALUES(58,16,'add_issuesreply','Can add issues reply');
INSERT INTO auth_permission VALUES(59,16,'change_issuesreply','Can change issues reply');
INSERT INTO auth_permission VALUES(60,16,'delete_issuesreply','Can delete issues reply');
INSERT INTO auth_permission VALUES(61,17,'add_issuestype','Can add issues type');
INSERT INTO auth_permission VALUES(62,17,'change_issuestype','Can change issues type');
INSERT INTO auth_permission VALUES(63,17,'delete_issuestype','Can delete issues type');
INSERT INTO auth_permission VALUES(64,18,'add_projectinvite','Can add project invite');
INSERT INTO auth_permission VALUES(65,18,'change_projectinvite','Can change project invite');
INSERT INTO auth_permission VALUES(66,18,'delete_projectinvite','Can delete project invite');
CREATE TABLE IF NOT EXISTS "auth_group" ("id" integer NOT NULL PRIMARY KEY AUTOINCREMENT, "name" varchar(150) NOT NULL UNIQUE);
CREATE TABLE IF NOT EXISTS "auth_user" ("id" integer NOT NULL PRIMARY KEY AUTOINCREMENT, "password" varchar(128) NOT NULL, "last_login" datetime NULL, "is_superuser" bool NOT NULL, "username" varchar(150) NOT NULL UNIQUE, "last_name" varchar(150) NOT NULL, "email" varchar(254) NOT NULL, "is_staff" bool NOT NULL, "is_active" bool NOT NULL, "date_joined" datetime NOT NULL, "first_name" varchar(150) NOT NULL);
INSERT INTO auth_user VALUES(1,'pbkdf2_sha256$260000$hnFyimllYvrGc57lOlk2dn$Ei+MdxBR9ng+Nkt9rNgl5MzadTtRrW+LI8WZsdTOPmI=','2022-01-22 12:49:19.118746',1,'root','','1428088096@qq.com',1,1,'2022-01-22 12:48:00.935510','');
CREATE TABLE IF NOT EXISTS "django_session" ("session_key" varchar(40) NOT NULL PRIMARY KEY, "session_data" text NOT NULL, "expire_date" datetime NOT NULL);
INSERT INTO django_session VALUES('5hevlxffp1vvx06nuoddzl0eoibwq5fp','.eJxVjcsOgyAURP-FdWNA5AIu2279BoJwVfqARjRp0_Tfi4mLdjtn5sybGLsuk1kzziZ40hJGDr9Zb90V4wb8xcYxVS7FZQ59tVWqneaqSx5vx737J5hsnspaK_A9x0E3DafSUa5qBGUFaF6j4NIzhroRTgETvFa1REkRGQyggQ0DFGm42xGNK0_F13Wn43l7yphzSNHg8xHmF2mBfr7L3URq:1nChEk:bl-lVZjOgOwBIN8z4kT7AVxHge_t8EnLquxyvuW9YlU','2022-01-26 12:18:18.511441');
INSERT INTO django_session VALUES('377wbmydrdcbpsx4zrr1hu33u706z026','eyJpbWFnZV9jb2RlIjoiSVdJTFYiLCJfc2Vzc2lvbl9leHBpcnkiOjYwfQ:1nChwy:jVZjXwNlzeenfnlGN7EHg4UNchyGihYykXHFEthzACI','2022-01-26 13:04:00.745663');
INSERT INTO django_session VALUES('ffzdurqtxr2yzkd7ymzarw5ux469a3eb','eyJpbWFnZV9jb2RlIjoiUk1QSFIiLCJfc2Vzc2lvbl9leHBpcnkiOjYwfQ:1nCi7z:X7OGIFHCK-we312yuikPRDzQat2kZseKWV3P60NUcZM','2022-01-26 13:15:23.055060');
INSERT INTO django_session VALUES('xup13th7mezzourbspq5hffygf7214qe','eyJpbWFnZV9jb2RlIjoiTERCUEwiLCJfc2Vzc2lvbl9leHBpcnkiOjYwfQ:1nCiLb:mwxvpSrMc7MfDcHh4OwiA5QBICg_DnuWWKFHNDZjp-A','2022-01-26 13:29:27.782611');
INSERT INTO django_session VALUES('41f6ce1m1jbsham1xjf598d6sxg7u3s3','eyJpbWFnZV9jb2RlIjoiUkJIS0oiLCJfc2Vzc2lvbl9leHBpcnkiOjYwfQ:1nCiTs:_NCkU3WubugwpRD7jVA6ucsplCcy3yTdGNpxhufG_oc','2022-01-26 13:38:00.760247');
INSERT INTO django_session VALUES('i8zr1uxfubo3d07bf05pvdke68fn8p5v','eyJpbWFnZV9jb2RlIjoiQlJFRU0iLCJfc2Vzc2lvbl9leHBpcnkiOjYwfQ:1nCiiX:7O7jVzYC6nfI5SdJ0qJuRq1GCqP7aa-k_t3mBHbgOes','2022-01-26 13:53:09.605650');
INSERT INTO django_session VALUES('s9emuob3966qvzrkd5wacvi4sl4mot5g','eyJpbWFnZV9jb2RlIjoiU0ZZS1MiLCJfc2Vzc2lvbl9leHBpcnkiOjYwfQ:1nCimk:5VfMADhdwQcCIkyU28oiu4Qe3iTVzGA5Pkp59W8r8pA','2022-01-26 13:57:30.296598');
INSERT INTO django_session VALUES('5bh1us2wktunse2alpmy4uye8eo1m8ci','eyJpbWFnZV9jb2RlIjoiSVNRUE4iLCJfc2Vzc2lvbl9leHBpcnkiOjYwfQ:1nCirI:zJBdREtebQU7ZTQTHjq-TV34tQEYx3m2jnA-6-djTcU','2022-01-26 14:02:12.959542');
INSERT INTO django_session VALUES('5rxugw7x1wbbpw4kpj6bte531tnlxjpt','eyJpbWFnZV9jb2RlIjoiV1VCQksiLCJfc2Vzc2lvbl9leHBpcnkiOjYwfQ:1nCuky:fbxe2aPGXnP4qoS1CaIGtUIiBv6FTXWddTlB-EA_VzU','2022-01-27 02:44:28.746711');
INSERT INTO django_session VALUES('pcr9r2b1ge8j21hnxyreju1rymtp2pdq','eyJpbWFnZV9jb2RlIjoiVk9HVUsiLCJfc2Vzc2lvbl9leHBpcnkiOjYwfQ:1nDoeV:eYydJSguruQ-8khINhrmcTL_hJH0quM_rgruHWpoiwI','2022-01-29 14:25:31.195070');
INSERT INTO django_session VALUES('x5euu5npm6g4sun14q3xck0xl13c0z5f','eyJpbWFnZV9jb2RlIjoiT05BVlUiLCJfc2Vzc2lvbl9leHBpcnkiOjYwfQ:1nDogB:1YtXjHMWXmFbImfYZXZO9aD6NU7CzRtWMDKbJIHr4XY','2022-01-29 14:27:15.062161');
INSERT INTO django_session VALUES('ysk8zzjsmshqykv9w8az01iksxyo23l6','eyJpbWFnZV9jb2RlIjoiWElIQ1EiLCJfc2Vzc2lvbl9leHBpcnkiOjYwfQ:1nESnw:pXeXTr0uktwghVixAs5PzeEMKdZ2Zc5mIYp5vHrIYME','2022-01-31 09:17:56.863275');
INSERT INTO django_session VALUES('ooov7iiw86lsog8kh24szerw8tgmz8c8','eyJpbWFnZV9jb2RlIjoiVlZXQkkiLCJfc2Vzc2lvbl9leHBpcnkiOjYwfQ:1nESp6:UrrssOFCLqhFDWEDat5OIVrESljA-okmbVEuYrERDI0','2022-01-31 09:19:08.562419');
INSERT INTO django_session VALUES('fdocrh26ks8bh06v57dmy306a8dk5c0k','eyJpbWFnZV9jb2RlIjoiVU9JQkgiLCJfc2Vzc2lvbl9leHBpcnkiOjEyMDk2MDAsInVzZXJfaWQiOjN9:1nET5j:025Ba25orPhLy_D3OV5Ocm_5ex32RAi0SXZsA8-ls24','2022-02-14 09:35:19.016255');
INSERT INTO django_session VALUES('r28vqp82tn6thxasqbouo0gfku0ytcsh','NTQwODNlYTEyM2Y4YWU5ZTc5YTdkOTRkM2Q4MzZjNDg1NmM2NDRjOTp7ImltYWdlX2NvZGUiOiJXVkpTSCIsIl9zZXNzaW9uX2V4cGlyeSI6MTIwOTYwMCwidXNlcl9pZCI6M30=','2022-02-16 03:21:13.201428');
INSERT INTO django_session VALUES('u3hrvy9h4b8f6rcagk0yv1pimuctrq6k','MmNlMmIyMGQ2MGY4N2QzNGY5YmJjMzdjNjE5YjI0ZTA3MDc2YzRmZTp7ImltYWdlX2NvZGUiOiJCVUxZSSIsIl9zZXNzaW9uX2V4cGlyeSI6MTIwOTYwMCwidXNlcl9pZCI6M30=','2022-02-16 03:51:00.843972');
INSERT INTO django_session VALUES('qbd9ippxnow7kf1ib9asweuxs57fv3u6','N2ExN2Q4ZjI2NDhjMzE4NzgwMjUwYTllNDFiZmY1MDI1YWFiNjk1NDp7ImltYWdlX2NvZGUiOiJIQVZNSCIsIl9zZXNzaW9uX2V4cGlyeSI6MTIwOTYwMCwidXNlcl9pZCI6M30=','2022-03-01 12:26:36.672351');
INSERT INTO django_session VALUES('au9kprjt8xbaexsja9vdcz1oshe0b7dm','ZDZjZmU1OWY1YjA1ZDc3MWI3Njc0ZjkyYmVlODA0NzdkOWFkNGRhMTp7ImltYWdlX2NvZGUiOiJOUFdGWCIsIl9zZXNzaW9uX2V4cGlyeSI6NjB9','2022-02-18 02:16:19.258385');
INSERT INTO django_session VALUES('y93vs33nwsc0ba1kb0i1h469ak6ef2pu','ZTc1YjlkYzU3YmFiNmNlNzdiYmMwNjU0Y2FhNmQzNjZmNjg0YWMyMjp7ImltYWdlX2NvZGUiOiJRSFRRRCIsIl9zZXNzaW9uX2V4cGlyeSI6NjB9','2022-02-18 02:17:55.668369');
INSERT INTO django_session VALUES('dd3ntu7szj96j7xijevwmavtr81dqe8t','YTI3ZDE5YTI2MWQ5YTExMWQyZDBhY2Y1Y2EyMzFhYjliYzczMDE3Yzp7ImltYWdlX2NvZGUiOiJOTkFZWCIsIl9zZXNzaW9uX2V4cGlyeSI6NjB9','2022-02-18 02:18:29.881210');
INSERT INTO django_session VALUES('8ubehf6yvbw86z86rdczhelr0vgttpia','NmNlMjA1MTA3NjUwZTVhMGNkYThkMWI0MGMzMzRmNGM0ODViMTA2OTp7ImltYWdlX2NvZGUiOiJSVk9GTyIsIl9zZXNzaW9uX2V4cGlyeSI6NjB9','2022-02-18 02:38:42.207691');
INSERT INTO django_session VALUES('x0w7b0lhucye4uts9qx4c9xas2khts5f','NzZiNWM0MzI0ZWY5MDRmYjRiOTRjYWUxOWJiMDllNjBmYjdlZmNjYjp7ImltYWdlX2NvZGUiOiJBU0tLWiIsIl9zZXNzaW9uX2V4cGlyeSI6NjB9','2022-02-18 02:39:29.105489');
INSERT INTO django_session VALUES('utt3hyr5smbazr5v84u6jp1yce5l6hza','MGI3ZGFkMWMxMWJiNzNjMDRlMGE2NWYzMWViOTYyZGY4OWRhNDhkYTp7ImltYWdlX2NvZGUiOiJKSUlYWSIsIl9zZXNzaW9uX2V4cGlyeSI6MTIwOTYwMCwidXNlcl9pZCI6N30=','2022-03-06 21:01:19.078237');
INSERT INTO django_session VALUES('6g3hosps5fyzdafu0ekpzc7i8hphokso','YzgwM2NkZThjNzI3ODAzYjA3N2YwYzNhMmM4NjA0MWI0MTBiNjQ2Nzp7ImltYWdlX2NvZGUiOiJXS09ZWiIsIl9zZXNzaW9uX2V4cGlyeSI6NjB9','2022-04-06 21:46:43.384522');
INSERT INTO django_session VALUES('hdqy1nc2t8bcmsh7r3a7jjfwjzc5kg9a','M2ZlNmQ2ZTE5MzhkODBlMTNhNmJjYTczNGFmMDMwMGUyM2IwMmRkYzp7ImltYWdlX2NvZGUiOiJJV1VVUCIsIl9zZXNzaW9uX2V4cGlyeSI6MTIwOTYwMCwidXNlcl9pZCI6MywidXNlcl9uYW1lIjoibGVvc2Nob3BlbiIsInVzZXJfY2F0ZWdvcnkiOjJ9','2022-04-24 10:54:39.656430');
INSERT INTO django_session VALUES('tvr9vpdmram60zpf7cd3lomwn5343qc5','Mzc0ODlmZjU4MzkzMDgwZTAxMThkNTU1M2NiNTc4MjMxYWZmN2Q0NTp7ImltYWdlX2NvZGUiOiJWS0xGSyIsIl9zZXNzaW9uX2V4cGlyeSI6MTIwOTYwMCwidXNlcl9pZCI6NywidXNlcl9uYW1lIjoiYWRtaW4iLCJ1c2VyX2NhdGVnb3J5IjoxfQ==','2022-04-28 22:34:14.720893');
INSERT INTO django_session VALUES('qm8hgnju957ccowfo8qukslms9eqd0fw','YzljMmM3MzkxZWI1YWYwMTBjNjFlM2IyMmI1Yjg2YzU4OGRlZTUwMzp7ImltYWdlX2NvZGUiOiJVUFVGUiIsIl9zZXNzaW9uX2V4cGlyeSI6MTIwOTYwMCwidXNlcl9pZCI6NywidXNlcl9uYW1lIjoiYWRtaW4iLCJ1c2VyX2NhdGVnb3J5IjoxfQ==','2022-04-28 22:36:27.254929');
INSERT INTO django_session VALUES('79mqm5jfxu35ilde5nmli0kik1abalz9','NmFkNzk4YjUxYjY3NjQwZjI4MjU1YWUzMjNlNGMxZDNjODRiN2E3MTp7ImltYWdlX2NvZGUiOiJKRlRLUCIsIl9zZXNzaW9uX2V4cGlyeSI6NjB9','2022-04-25 10:22:12.138316');
INSERT INTO django_session VALUES('gm04gw5xx1ud235op0vbm3q0ee2s42ah','MGUwYThjM2Y2NTlhMWMyYTA4Y2E2ZmJkOWZlMGU2MTI0ZjdjYzM3Njp7ImltYWdlX2NvZGUiOiJLTVVJRyIsIl9zZXNzaW9uX2V4cGlyeSI6NjAsInVzZXJfaWQiOjMsInVzZXJfbmFtZSI6Imxlb3NjaG9wZW4iLCJ1c2VyX2NhdGVnb3J5IjoyfQ==','2022-04-27 11:46:22.410034');
INSERT INTO django_session VALUES('4kh7fcbaj2g5ohcocfsi3gz17ui042vu','MzU1Yjc5N2IzNTE4MjE4MGM5NzBjZmMwMDNkM2YwNzcwOTIzODYwOTp7ImltYWdlX2NvZGUiOiJHRUVISiIsIl9zZXNzaW9uX2V4cGlyeSI6NjB9','2022-04-27 11:46:05.278175');
INSERT INTO django_session VALUES('cllyq4nu0zwu3f5c6xxy7zv83id491em','NTlhOTJkYjg0NGEyYWI0NDg4NjI2YTc5MDMzZmQ2MWU4NmJjNWRkMjp7ImltYWdlX2NvZGUiOiJTSU5JWiIsIl9zZXNzaW9uX2V4cGlyeSI6MTIwOTYwMCwidXNlcl9pZCI6NywidXNlcl9uYW1lIjoiYWRtaW4iLCJ1c2VyX2NhdGVnb3J5IjoxfQ==','2022-05-13 09:18:45.867467');
INSERT INTO django_session VALUES('jginek4n5zljoxu71vpy8l87fet1pkyq','NTkxODc2ZTE4ZWM0NjYyZThjMGU0MTU4ZWZiYTY2ZWM3MWVhYjU0ZDp7ImltYWdlX2NvZGUiOiJUWkZNRCIsIl9zZXNzaW9uX2V4cGlyeSI6MTIwOTYwMCwidXNlcl9pZCI6NywidXNlcl9uYW1lIjoiYWRtaW4iLCJ1c2VyX2NhdGVnb3J5IjoxfQ==','2022-05-13 09:58:06.151738');
INSERT INTO django_session VALUES('is9xmcal76jnmm2huhma4ziw1s25lvh2','MzRjZjAwOGNjYTU1MmQ0Zjk0YmUyYjIzMjE3YTI2YWYxOTJiZjUzYjp7ImltYWdlX2NvZGUiOiJTRkhPQSIsIl9zZXNzaW9uX2V4cGlyeSI6MTIwOTYwMCwidXNlcl9pZCI6MywidXNlcl9uYW1lIjoibGVvc2Nob3BlbiIsInVzZXJfY2F0ZWdvcnkiOjJ9','2022-05-13 20:27:27.962499');
CREATE TABLE IF NOT EXISTS "app01_userinfo" ("id" integer NOT NULL PRIMARY KEY AUTOINCREMENT, "email" varchar(32) NOT NULL, "mobile_phone" varchar(32) NOT NULL, "password" varchar(32) NOT NULL, "username" varchar(32) NOT NULL);
CREATE TABLE IF NOT EXISTS "web_filerepository" ("id" integer NOT NULL PRIMARY KEY AUTOINCREMENT, "file_type" smallint NOT NULL, "name" varchar(32) NOT NULL, "key" varchar(128) NULL, "file_size" integer NULL, "file_path" varchar(255) NULL, "update_datetime" datetime NOT NULL, "parent_id" integer NULL REFERENCES "web_filerepository" ("id"), "project_id" integer NOT NULL REFERENCES "web_project" ("id"), "update_user_id" integer NOT NULL REFERENCES "web_userinfo" ("id"));
INSERT INTO web_filerepository VALUES(1,2,'照片',NULL,NULL,NULL,'2022-02-03 12:31:43.752472',NULL,2,3);
INSERT INTO web_filerepository VALUES(2,2,'拿快递',NULL,NULL,NULL,'2022-02-09 14:28:48.506718',NULL,4,3);
INSERT INTO web_filerepository VALUES(12,1,'touchicon.png','1644892150545_touchicon.png',5539,'https://na-wai-mai-15707200703-1644636039-1301633315.cos.ap-chongqing.myqcloud.com/1644892150545_touchicon.png','2022-02-15 02:29:11.190397',NULL,10,3);
INSERT INTO web_filerepository VALUES(13,1,'t01f8595aaf57a3bcff.jpg','1644893813700_t01f8595aaf57a3bcff.jpg',14989,'https://na-wai-mai-15707200703-1644636039-1301633315.cos.ap-chongqing.myqcloud.com/1644893813700_t01f8595aaf57a3bcff.jpg','2022-02-15 02:56:54.288314',NULL,10,3);
INSERT INTO web_filerepository VALUES(15,1,'t01da7b8888d79d989a.png','1644912788405_t01da7b8888d79d989a.png',149826,'https://na-kuai-di-15707200703-1644893968-1301633315.cos.ap-chongqing.myqcloud.com/1644912788405_t01da7b8888d79d989a.png','2022-02-15 08:13:09.619584',NULL,11,3);
INSERT INTO web_filerepository VALUES(16,1,'英语自我介绍.pdf','1645362166838_英语自我介绍.pdf',274451,'https://na-kuai-di-18727010216-1645362096-1301633315.cos.ap-chongqing.myqcloud.com/1645362166838_%E8%8B%B1%E8%AF%AD%E8%87%AA%E6%88%91%E4%BB%8B%E7%BB%8D.pdf','2022-02-20 21:02:48.037937',NULL,15,7);
INSERT INTO web_filerepository VALUES(24,1,'下载.jpg','1649568241422_下载.jpg',10029,'https://na-wai-mai-song-dao-1104-15707200703-1648680335-1301633315.cos.ap-chongqing.myqcloud.com/1649568241422_%E4%B8%8B%E8%BD%BD.jpg','2022-04-10 13:24:03.107682',NULL,17,3);
INSERT INTO web_filerepository VALUES(29,1,'下载 (2).jpg','1649576123007_下载 (2).jpg',33280,'https://na-kuai-di-15707200703-1645152658-1301633315.cos.ap-chongqing.myqcloud.com/1649576123007_%E4%B8%8B%E8%BD%BD%20%282%29.jpg','2022-04-10 15:35:23.924528',NULL,13,8);
INSERT INTO web_filerepository VALUES(36,1,'因子分析碎石图.png','1651145126383_因子分析碎石图.png',73310,'https://qu-shu-hui-yuan-mai-la-rou-18727010216-1651144631-1301633315.cos.ap-chongqing.myqcloud.com/1651145126383_%E5%9B%A0%E5%AD%90%E5%88%86%E6%9E%90%E7%A2%8E%E7%9F%B3%E5%9B%BE.png','2022-04-28 19:25:27.563203',NULL,865,8);
INSERT INTO web_filerepository VALUES(37,1,'newplot.png','1651145135132_newplot.png',46908,'https://qu-shu-hui-yuan-mai-la-rou-18727010216-1651144631-1301633315.cos.ap-chongqing.myqcloud.com/1651145135132_newplot.png','2022-04-28 19:25:35.787244',NULL,865,8);
INSERT INTO web_filerepository VALUES(40,1,'output.png','1651150122182_output.png',40290,'https://na-kuai-di-15707200703-1645152658-1301633315.cos.ap-chongqing.myqcloud.com/1651150122182_output.png','2022-04-28 20:48:53.910416',NULL,13,3);
INSERT INTO web_filerepository VALUES(42,2,'leoschopen',NULL,NULL,NULL,'2022-04-29 09:18:17.392501',NULL,13,3);
INSERT INTO web_filerepository VALUES(44,2,'leoschopen',NULL,NULL,NULL,'2022-04-29 09:23:02.787274',NULL,14,3);
INSERT INTO web_filerepository VALUES(45,1,'newplot.png','1651195407232_newplot.png',46908,'https://na-wai-mai-15707200703-1645152669-1301633315.cos.ap-chongqing.myqcloud.com/1651195407232_newplot.png','2022-04-29 09:23:27.923248',44,14,3);
INSERT INTO web_filerepository VALUES(46,1,'task-user.png','1651195407238_task-user.png',54095,'https://na-wai-mai-15707200703-1645152669-1301633315.cos.ap-chongqing.myqcloud.com/1651195407238_task-user.png','2022-04-29 09:23:28.085504',44,14,3);
INSERT INTO web_filerepository VALUES(47,1,'output.png','1651195407237_output.png',40290,'https://na-wai-mai-15707200703-1645152669-1301633315.cos.ap-chongqing.myqcloud.com/1651195407237_output.png','2022-04-29 09:23:28.126842',44,14,3);
INSERT INTO web_filerepository VALUES(51,2,'leo',NULL,NULL,NULL,'2022-04-29 11:13:16.182406',NULL,865,8);
INSERT INTO web_filerepository VALUES(52,2,'leoschopen',NULL,NULL,NULL,'2022-04-29 20:33:17.272716',NULL,865,3);
CREATE TABLE IF NOT EXISTS "web_module" ("id" integer NOT NULL PRIMARY KEY AUTOINCREMENT, "title" varchar(32) NOT NULL, "project_id" integer NOT NULL REFERENCES "web_project" ("id"));
CREATE TABLE IF NOT EXISTS "web_issues" ("id" integer NOT NULL PRIMARY KEY AUTOINCREMENT, "subject" varchar(80) NOT NULL, "desc" text NOT NULL, "priority" varchar(12) NOT NULL, "status" smallint NOT NULL, "start_date" date NULL, "end_date" date NULL, "create_datetime" datetime NOT NULL, "latest_update_datetime" datetime NOT NULL, "assign_id" integer NULL REFERENCES "web_userinfo" ("id"), "creator_id" integer NOT NULL REFERENCES "web_userinfo" ("id"), "module_id" integer NULL REFERENCES "web_module" ("id"), "project_id" integer NOT NULL REFERENCES "web_project" ("id"), "parent_id" integer NULL REFERENCES "web_issues" ("id"));
INSERT INTO web_issues VALUES(1,'超市酱油下架了','hi','danger',1,'2022-02-15','2022-02-17','2022-02-15 12:23:39.738346','2022-02-15 12:23:39.738346',3,3,NULL,11,NULL);
INSERT INTO web_issues VALUES(2,'纸卖完了','纸卖完了','success',3,'2022-02-23','2022-02-28','2022-02-17 03:10:14.654478','2022-02-18 02:06:38.441149',NULL,3,NULL,11,NULL);
INSERT INTO web_issues VALUES(3,'腿摔了，不能完成该任务','腿摔了，不能完成该任务','danger',2,'2022-02-17','2022-02-20','2022-02-17 03:12:51.939315','2022-02-17 03:12:51.939315',NULL,3,NULL,11,NULL);
INSERT INTO web_issues VALUES(4,'盆子卖完了','盆子卖完了','warning',2,'2022-02-23','2022-02-28','2022-02-17 04:09:38.220243','2022-02-17 04:09:38.220243',NULL,3,NULL,11,NULL);
INSERT INTO web_issues VALUES(5,'纸卖完了','纸卖完了','warning',2,'2022-02-23','2022-02-28','2022-02-18 02:51:38.102392','2022-02-19 12:41:19.208248',NULL,3,NULL,14,NULL);
INSERT INTO web_issues VALUES(6,'超市酱油下架了','超市酱油下架了','danger',1,'2022-02-19','2022-03-17','2022-02-19 12:45:19.309299','2022-02-19 12:45:27.100046',NULL,3,NULL,14,NULL);
INSERT INTO web_issues VALUES(7,'腿摔了，不能完成该任务','腿摔了，不能完成该任务','success',7,NULL,'2022-03-17','2022-02-19 12:54:07.412926','2022-04-15 08:39:31.906033',7,7,NULL,14,5);
INSERT INTO web_issues VALUES(8,'超市酱油下架了',replace(replace('在Git命令窗口，执行解除SSL验证命令脚本完成设置操作。\r\n\r\ngit config --global http.sslVerify "false"','\r',char(13)),'\n',char(10)),'danger',3,'2022-04-21','2022-04-22','2022-04-10 15:25:57.427784','2022-04-10 15:25:57.427784',7,3,NULL,13,NULL);
CREATE TABLE IF NOT EXISTS "web_issuesreply" ("id" integer NOT NULL PRIMARY KEY AUTOINCREMENT, "reply_type" integer NOT NULL, "content" text NOT NULL, "create_datetime" datetime NOT NULL, "creator_id" integer NOT NULL REFERENCES "web_userinfo" ("id"), "issues_id" integer NOT NULL REFERENCES "web_issues" ("id"), "reply_id" integer NULL REFERENCES "web_issuesreply" ("id"));
INSERT INTO web_issuesreply VALUES(1,2,'更改优先级','2022-02-17 03:16:39.252074',3,2,NULL);
INSERT INTO web_issuesreply VALUES(2,2,'修改','2022-02-17 04:04:26.688622',3,2,1);
INSERT INTO web_issuesreply VALUES(3,2,'修改','2022-02-17 04:05:44.514658',3,2,NULL);
INSERT INTO web_issuesreply VALUES(4,1,'优先级更新为中','2022-02-18 02:05:57.035130',3,2,NULL);
INSERT INTO web_issuesreply VALUES(5,1,'优先级更新为低','2022-02-18 02:06:14.034413',3,2,NULL);
INSERT INTO web_issuesreply VALUES(6,1,'状态更新为已解决','2022-02-18 02:06:38.451084',3,2,NULL);
INSERT INTO web_issuesreply VALUES(7,1,'优先级更新为中','2022-02-19 12:41:15.066637',3,5,NULL);
INSERT INTO web_issuesreply VALUES(8,1,'状态更新为处理中','2022-02-19 12:41:19.218219',3,5,NULL);
INSERT INTO web_issuesreply VALUES(9,2,'确定吗','2022-02-19 12:41:32.320554',3,5,7);
INSERT INTO web_issuesreply VALUES(10,1,'指派更新为空','2022-02-19 12:45:27.111015',3,6,NULL);
INSERT INTO web_issuesreply VALUES(11,2,'已阅','2022-02-19 12:45:36.175019',3,6,10);
INSERT INTO web_issuesreply VALUES(12,1,'状态更新为重新打开','2022-04-15 08:39:31.918742',3,7,NULL);
CREATE TABLE IF NOT EXISTS "web_projectinvite" ("id" integer NOT NULL PRIMARY KEY AUTOINCREMENT, "code" varchar(64) NOT NULL UNIQUE, "count" integer unsigned NULL, "use_count" integer unsigned NOT NULL, "period" integer NOT NULL, "create_datetime" datetime NOT NULL, "creator_id" integer NOT NULL REFERENCES "web_userinfo" ("id"), "project_id" integer NOT NULL REFERENCES "web_project" ("id"));
INSERT INTO web_projectinvite VALUES(1,'832a19b093fbaeb812c3052e8721ab3d',NULL,0,1440,'2022-02-18 02:59:14.249161',3,14);
INSERT INTO web_projectinvite VALUES(2,'5ffbdc59d90123447450ab4326296f4d',NULL,0,1440,'2022-02-18 03:00:04.603208',3,14);
INSERT INTO web_projectinvite VALUES(3,'053e3a0bf2217654bfd834c8267d2c28',NULL,0,1440,'2022-02-18 03:00:57.398181',3,14);
INSERT INTO web_projectinvite VALUES(4,'72d8fc3a2647c6d2144024d74e28adc7',5,0,1440,'2022-02-18 03:06:28.910301',3,14);
INSERT INTO web_projectinvite VALUES(5,'aa3c5312ec6aee83a6197f4f7a9216b7',NULL,0,1440,'2022-02-18 03:09:00.897009',3,14);
INSERT INTO web_projectinvite VALUES(6,'0c60f0bfe6972e727278a51baaf211ff',NULL,0,1440,'2022-02-19 12:48:28.414286',3,14);
INSERT INTO web_projectinvite VALUES(7,'98b3c8b35f30bc793c43573b231fdae0',5,0,1440,'2022-04-10 15:54:41.116168',3,17);
CREATE TABLE IF NOT EXISTS "web_transaction" ("id" integer NOT NULL PRIMARY KEY AUTOINCREMENT, "order" varchar(64) NOT NULL UNIQUE, "price" integer NOT NULL, "start_datetime" datetime NULL, "end_datetime" datetime NULL, "create_datetime" datetime NOT NULL, "user_id" integer NOT NULL REFERENCES "web_userinfo" ("id"), "status" smallint NOT NULL);
INSERT INTO web_transaction VALUES(1,'2df78fd8-4d7f-4cf7-8cde-73e1ca0a53e6',0,'2022-01-29 22:48:35.976653',NULL,'2022-01-29 14:48:35.980643',3,2);
INSERT INTO web_transaction VALUES(2,'9e0b4969-ef99-42aa-9615-c73cc3d06fb8',0,'2022-02-02 11:44:14.275416',NULL,'2022-02-02 03:44:14.277411',7,2);
CREATE TABLE IF NOT EXISTS "web_userinfo" ("id" integer NOT NULL PRIMARY KEY AUTOINCREMENT, "username" varchar(32) NOT NULL, "email" varchar(32) NOT NULL, "mobile_phone" varchar(32) NOT NULL, "password" varchar(32) NOT NULL, "asset" integer NOT NULL, "category" smallint NOT NULL, "latitude" real NOT NULL, "longitude" real NOT NULL, "reputation" real NOT NULL);
INSERT INTO web_userinfo VALUES(3,'leoschopen','leoschopen@gmail.com','15707200703','07faf541cf168e90b67e6d505173e702',1069,2,22.100010000000001042,113.98102400000000855,1000.0);
INSERT INTO web_userinfo VALUES(7,'admin','admin@qq.com','18727010216','a89de480af6ae560b0513386ed4ec11c',1000,1,22.560956000000000898,113.98102400000000855,1000.0);
INSERT INTO web_userinfo VALUES(8,'leo','leo@qq.com','13838383839','a89de480af6ae560b0513386ed4ec11c',1000,2,22.000000000000001776,113.98102400000000855,1000.0);
CREATE TABLE IF NOT EXISTS "web_projectuser" ("id" integer NOT NULL PRIMARY KEY AUTOINCREMENT, "create_datetime" datetime NOT NULL, "project_id" integer NOT NULL REFERENCES "web_project" ("id"), "user_id" integer NOT NULL REFERENCES "web_userinfo" ("id"), "star" bool NOT NULL, "already" bool NOT NULL, "task_price" real NOT NULL);
INSERT INTO web_projectuser VALUES(6,'2022-04-28 19:22:48.768872',17,8,0,0,65.0);
INSERT INTO web_projectuser VALUES(7,'2022-04-28 19:23:30.132562',865,8,0,0,65.0);
INSERT INTO web_projectuser VALUES(8,'2022-04-28 20:03:25.521449',16,8,0,0,65.0);
INSERT INTO web_projectuser VALUES(9,'2022-04-28 20:03:30.037149',17,8,0,0,65.0);
INSERT INTO web_projectuser VALUES(11,'2022-04-29 20:29:20.183723',866,3,0,0,69.599999999999990762);
INSERT INTO web_projectuser VALUES(12,'2022-04-29 20:29:24.256902',865,3,0,1,69.599999999999990762);
INSERT INTO web_projectuser VALUES(13,'2022-04-29 20:29:39.288875',15,3,0,0,70.709999999999997299);
CREATE TABLE IF NOT EXISTS "web_project" ("id" integer NOT NULL PRIMARY KEY AUTOINCREMENT, "name" varchar(32) NOT NULL, "color" smallint NOT NULL, "desc" varchar(255) NULL, "use_space" integer NOT NULL, "star" bool NOT NULL, "join_count" smallint NOT NULL, "create_datetime" datetime NOT NULL, "creator_id" integer NOT NULL REFERENCES "web_userinfo" ("id"), "bucket" varchar(128) NOT NULL, "region" varchar(32) NOT NULL, "latitude" real NOT NULL, "longitude" real NOT NULL, "user_count" smallint NOT NULL, "grow" integer NOT NULL, "hard" integer NOT NULL, "location" varchar(255) NULL);
INSERT INTO web_project VALUES(13,'检查渭水校区天猫超市菠萝上架情况',7,NULL,73570,0,4,'2022-02-18 02:50:59.490989',7,'na-kuai-di-15707200703-1645152658-1301633315','ap-chongqing',22.001999999999997115,113.01300000000000789,4,15,5,NULL);
INSERT INTO web_project VALUES(14,'检查武商量贩蔬菜上架情况',5,'需要详细检查货物的供应情况和摆放位置',141293,1,2,'2022-02-18 02:51:10.077301',8,'na-wai-mai-15707200703-1645152669-1301633315','ap-chongqing',22.111999999999998323,112.99999999999998934,2,5,20,NULL);
INSERT INTO web_project VALUES(15,'查看104店铺的零食上架情况',6,'拿快递',274451,1,3,'2022-02-20 21:01:37.010999',8,'na-kuai-di-18727010216-1645362096-1301633315','ap-chongqing',22.000999999999999445,113.00900000000000389,300,10,10,NULL);
INSERT INTO web_project VALUES(16,'查看106店铺的日用品上架情况',7,NULL,0,0,2,'2022-02-27 17:22:51.079884',8,'nie-bao-zai-18727010216-1645953770-1301633315','ap-chongqing',22.099999999999999644,113.00099999999999589,100,20,20,NULL);
INSERT INTO web_project VALUES(17,'查看王府井百货的饮料上架情况',6,NULL,10029,1,3,'2022-03-31 06:45:37.107741',7,'na-wai-mai-song-dao-1104-15707200703-1648680335-1301633315','ap-chongqing',22.103000000000001534,122.99999999999999822,350,20,20,NULL);
INSERT INTO web_project VALUES(18,'菜鸟驿站包裹',4,NULL,0,0,1,'2022-03-31 06:46:20.610099',8,'cai-niao-yi-zhan-bao-guo-15707200703-1648680379-1301633315','ap-chongqing',23.189000000000001833,113.50000000000000088,100,10,15,NULL);
INSERT INTO web_project VALUES(19,'天猫超市检查',2,NULL,0,0,2,'2022-03-31 06:47:24.805909',8,'tian-mao-chao-shi-jian-cha-15707200703-1648680443-1301633315','ap-chongqing',22.004000000000001335,113.99999999999999023,100,15,20,NULL);
INSERT INTO web_project VALUES(848,'A0001',5,'A0001',0,0,0,'2022-04-16 15:04:21.389322',7,'1-18727010216-1650092661-1301633315','ap-chongqing',22.566142254794998578,113.9808367779530096,5,20,20,NULL);
INSERT INTO web_project VALUES(849,'A0002',5,'A0002',0,0,0,'2022-04-16 15:04:23.145531',7,'2-18727010216-1650092663-1301633315','ap-chongqing',22.686205259887799456,113.94052521130799693,5,20,20,NULL);
INSERT INTO web_project VALUES(850,'A0003',5,'A0003',0,0,0,'2022-04-16 15:04:24.210640',7,'3-18727010216-1650092664-1301633315','ap-chongqing',22.576511828336300879,113.95719800410999411,5,20,20,NULL);
INSERT INTO web_project VALUES(851,'A0004',5,'A0004',0,0,0,'2022-04-16 15:04:25.070207',7,'4-18727010216-1650092665-1301633315','ap-chongqing',22.564840810271098447,114.24457109293000289,5,20,20,NULL);
INSERT INTO web_project VALUES(852,'A0005',5,'A0005',0,0,0,'2022-04-16 15:04:25.988150',7,'5-18727010216-1650092665-1301633315','ap-chongqing',22.558887751082599137,113.95072266573600394,5,20,20,NULL);
INSERT INTO web_project VALUES(853,'A0006',5,'A0006',0,0,0,'2022-04-16 15:04:26.674019',7,'6-18727010216-1650092666-1301633315','ap-chongqing',22.558999060326301311,114.24131740162899451,5,20,20,NULL);
INSERT INTO web_project VALUES(854,'A0007',5,'A0007',0,0,0,'2022-04-16 15:04:27.749880',7,'7-18727010216-1650092667-1301633315','ap-chongqing',22.549003712960398182,113.97225969676001433,5,20,20,NULL);
INSERT INTO web_project VALUES(855,'A0008',5,'A0008',0,0,0,'2022-04-16 15:04:28.562831',7,'8-18727010216-1650092668-1301633315','ap-chongqing',22.562773507731401778,113.95657353805199729,5,20,20,NULL);
INSERT INTO web_project VALUES(856,'A0009',5,'A0009',0,0,0,'2022-04-16 15:04:29.536903',7,'9-18727010216-1650092669-1301633315','ap-chongqing',22.500011923383302914,113.89566056791500248,5,20,20,NULL);
INSERT INTO web_project VALUES(857,'A0010',5,'A0010',0,0,0,'2022-04-16 15:04:30.772238',7,'10-18727010216-1650092670-1301633315','ap-chongqing',22.543786099594900207,113.92397780398899609,5,20,20,NULL);
INSERT INTO web_project VALUES(858,'A0011',5,'A0011',0,0,0,'2022-04-16 15:04:31.723354',7,'11-18727010216-1650092671-1301633315','ap-chongqing',22.524863690643401881,113.93085955451498492,5,20,20,NULL);
INSERT INTO web_project VALUES(860,'泡芙盒子检查',1,'泡芙盒子检查',0,0,1,'2022-04-27 20:31:08.357834',7,'pao-fu-he-zi-jian-cha-18727010216-1651062666-1301633315','ap-chongqing',34.371125000000000149,108.90505999999999886,100,20,20,'长安大学渭水校区');
INSERT INTO web_project VALUES(863,'拿外卖',1,'拿外卖',0,1,1,'2022-04-28 11:50:38.184554',7,'na-wai-mai-18727010216-1651117836-1301633315','ap-chongqing',23.147475000000001799,113.25517499999999682,100,20,10,'广州汽车站');
INSERT INTO web_project VALUES(864,'movie',6,'mlsjhf',0,0,1,'2022-04-28 11:53:51.811479',7,'movie-18727010216-1651118029-1301633315','ap-chongqing',23.147674999999998668,113.25817099999999637,100,20,20,'广州火车站');
INSERT INTO web_project VALUES(865,'去树慧园买腊肉',6,'吃腊肉',120218,1,4,'2022-04-28 19:17:13.143405',7,'qu-shu-hui-yuan-mai-la-rou-18727010216-1651144631-1301633315','ap-chongqing',23.147475000000001799,113.25517499999999682,100,10,5,'广州汽车站');
INSERT INTO web_project VALUES(866,'检查滋兰苑炒饭',2,'hello',0,0,2,'2022-04-29 19:18:47.385946',7,'jian-cha-z-1651231123-1301633315','ap-chongqing',23.147475000000001799,113.25517499999999682,8,10,5,'广州汽车站');
DELETE FROM sqlite_sequence;
INSERT INTO sqlite_sequence VALUES('django_migrations',43);
INSERT INTO sqlite_sequence VALUES('django_admin_log',0);
INSERT INTO sqlite_sequence VALUES('django_content_type',18);
INSERT INTO sqlite_sequence VALUES('auth_permission',66);
INSERT INTO sqlite_sequence VALUES('auth_group',0);
INSERT INTO sqlite_sequence VALUES('auth_user',1);
INSERT INTO sqlite_sequence VALUES('app01_userinfo',0);
INSERT INTO sqlite_sequence VALUES('web_filerepository',52);
INSERT INTO sqlite_sequence VALUES('web_issues',8);
INSERT INTO sqlite_sequence VALUES('web_issuesreply',12);
INSERT INTO sqlite_sequence VALUES('web_projectinvite',7);
INSERT INTO sqlite_sequence VALUES('web_transaction',2);
INSERT INTO sqlite_sequence VALUES('web_userinfo',8);
INSERT INTO sqlite_sequence VALUES('web_projectuser',13);
INSERT INTO sqlite_sequence VALUES('web_project',866);
CREATE UNIQUE INDEX "auth_group_permissions_group_id_permission_id_0cd325b0_uniq" ON "auth_group_permissions" ("group_id", "permission_id");
CREATE INDEX "auth_group_permissions_group_id_b120cbf9" ON "auth_group_permissions" ("group_id");
CREATE INDEX "auth_group_permissions_permission_id_84c5c92e" ON "auth_group_permissions" ("permission_id");
CREATE UNIQUE INDEX "auth_user_groups_user_id_group_id_94350c0c_uniq" ON "auth_user_groups" ("user_id", "group_id");
CREATE INDEX "auth_user_groups_user_id_6a12ed8b" ON "auth_user_groups" ("user_id");
CREATE INDEX "auth_user_groups_group_id_97559544" ON "auth_user_groups" ("group_id");
CREATE UNIQUE INDEX "auth_user_user_permissions_user_id_permission_id_14a6b632_uniq" ON "auth_user_user_permissions" ("user_id", "permission_id");
CREATE INDEX "auth_user_user_permissions_user_id_a95ead1b" ON "auth_user_user_permissions" ("user_id");
CREATE INDEX "auth_user_user_permissions_permission_id_1fbb5f2c" ON "auth_user_user_permissions" ("permission_id");
CREATE INDEX "django_admin_log_content_type_id_c4bce8eb" ON "django_admin_log" ("content_type_id");
CREATE INDEX "django_admin_log_user_id_c564eba6" ON "django_admin_log" ("user_id");
CREATE UNIQUE INDEX "django_content_type_app_label_model_76bd3d3b_uniq" ON "django_content_type" ("app_label", "model");
CREATE UNIQUE INDEX "auth_permission_content_type_id_codename_01ab375a_uniq" ON "auth_permission" ("content_type_id", "codename");
CREATE INDEX "auth_permission_content_type_id_2f476e4b" ON "auth_permission" ("content_type_id");
CREATE INDEX "django_session_expire_date_a5c62663" ON "django_session" ("expire_date");
CREATE INDEX "app01_userinfo_username_9d9c6733" ON "app01_userinfo" ("username");
CREATE INDEX "web_filerepository_parent_id_772cd4f7" ON "web_filerepository" ("parent_id");
CREATE INDEX "web_filerepository_project_id_8510d572" ON "web_filerepository" ("project_id");
CREATE INDEX "web_filerepository_update_user_id_3901018b" ON "web_filerepository" ("update_user_id");
CREATE INDEX "web_module_project_id_e9c06401" ON "web_module" ("project_id");
CREATE INDEX "web_issues_assign_id_01f5220a" ON "web_issues" ("assign_id");
CREATE INDEX "web_issues_creator_id_e42205b9" ON "web_issues" ("creator_id");
CREATE INDEX "web_issues_module_id_9deab7a4" ON "web_issues" ("module_id");
CREATE INDEX "web_issues_project_id_72a84418" ON "web_issues" ("project_id");
CREATE INDEX "web_issues_parent_id_9cbefd49" ON "web_issues" ("parent_id");
CREATE INDEX "web_issuesreply_creator_id_b05947fa" ON "web_issuesreply" ("creator_id");
CREATE INDEX "web_issuesreply_issues_id_7f2d69ad" ON "web_issuesreply" ("issues_id");
CREATE INDEX "web_issuesreply_reply_id_49347be3" ON "web_issuesreply" ("reply_id");
CREATE INDEX "web_projectinvite_creator_id_a9e823d2" ON "web_projectinvite" ("creator_id");
CREATE INDEX "web_projectinvite_project_id_aea135cd" ON "web_projectinvite" ("project_id");
CREATE INDEX "web_transaction_user_id_e76de9e2" ON "web_transaction" ("user_id");
CREATE INDEX "web_userinfo_username_9a491777" ON "web_userinfo" ("username");
CREATE INDEX "web_projectuser_project_id_aece55c4" ON "web_projectuser" ("project_id");
CREATE INDEX "web_projectuser_user_id_09fc5a68" ON "web_projectuser" ("user_id");
CREATE INDEX "web_project_creator_id_169bab95" ON "web_project" ("creator_id");
COMMIT;
